household_id,primary_client_id,members
H-00001,C-00001,C-00001
H-00002,C-00002,C-00002
H-00003,C-00003,C-00003|C-00004
H-00004,C-00005,C-00005|C-00006|C-00007
H-00005,C-00008,C-00008
H-00006,C-00009,C-00009
H-00007,C-00010,C-00010
H-00008,C-00011,C-00011|C-00012
H-00009,C-00013,C-00013
H-00010,C-00014,C-00014
H-00011,C-00015,C-00015|C-00016
H-00012,C-00017,C-00017
H-00013,C-00018,C-00018|C-00019
H-00014,C-00020,C-00020
H-00015,C-00021,C-00021
H-00016,C-00022,C-00022
H-00017,C-00023,C-00023
H-00018,C-00024,C-00024
H-00019,C-00025,C-00025
H-00020,C-00026,C-00026
H-00021,C-00027,C-00027
H-00022,C-00028,C-00028
H-00023,C-00029,C-00029
H-00024,C-00030,C-00030|C-00031
H-00025,C-00032,C-00032
H-00026,C-00033,C-00033|C-00034
H-00027,C-00035,C-00035|C-00036
H-00028,C-00037,C-00037
H-00029,C-00038,C-00038|C-00039
H-00030,C-00040,C-00040|C-00041
H-00031,C-00042,C-00042
H-00032,C-00043,C-00043
H-00033,C-00044,C-00044|C-00045
H-00034,C-00046,C-00046|C-00047
H-00035,C-00048,C-00048|C-00049
H-00036,C-00050,C-00050|C-00051|C-00052
H-00037,C-00053,C-00053|C-00054
H-00038,C-00055,C-00055
H-00039,C-00056,C-00056
H-00040,C-00057,C-00057
H-00041,C-00058,C-00058
H-00042,C-00059,C-00059
H-00043,C-00060,C-00060
H-00044,C-00061,C-00061|C-00062
H-00045,C-00063,C-00063
H-00046,C-00064,C-00064
H-00047,C-00065,C-00065|C-00066
H-00048,C-00067,C-00067|C-00068|C-00069
H-00049,C-00070,C-00070
H-00050,C-00071,C-00071|C-00072
H-00051,C-00073,C-00073
H-00052,C-00074,C-00074
H-00053,C-00075,C-00075
H-00054,C-00076,C-00076
H-00055,C-00077,C-00077
H-00056,C-00078,C-00078|C-00079|C-00080
H-00057,C-00081,C-00081
H-00058,C-00082,C-00082
H-00059,C-00083,C-00083
H-00060,C-00084,C-00084
H-00061,C-00085,C-00085
H-00062,C-00086,C-00086|C-00087|C-00088
H-00063,C-00089,C-00089
H-00064,C-00090,C-00090|C-00091
H-00065,C-00092,C-00092|C-00093
H-00066,C-00094,C-00094|C-00095
H-00067,C-00096,C-00096
H-00068,C-00097,C-00097
H-00069,C-00098,C-00098
H-00070,C-00099,C-00099
H-00071,C-00100,C-00100|C-00101
H-00072,C-00102,C-00102
H-00073,C-00103,C-00103
H-00074,C-00104,C-00104|C-00105
H-00075,C-00106,C-00106|C-00107
H-00076,C-00108,C-00108
H-00077,C-00109,C-00109
H-00078,C-00110,C-00110|C-00111|C-00112
H-00079,C-00113,C-00113|C-00114
H-00080,C-00115,C-00115
H-00081,C-00116,C-00116
H-00082,C-00117,C-00117
H-00083,C-00118,C-00118|C-00119
H-00084,C-00120,C-00120
H-00085,C-00121,C-00121
H-00086,C-00122,C-00122
H-00087,C-00123,C-00123|C-00124
H-00088,C-00125,C-00125
H-00089,C-00126,C-00126
H-00090,C-00127,C-00127|C-00128
H-00091,C-00129,C-00129|C-00130
H-00092,C-00131,C-00131|C-00132
H-00093,C-00133,C-00133|C-00134
H-00094,C-00135,C-00135|C-00136
H-00095,C-00137,C-00137|C-00138
H-00096,C-00139,C-00139
H-00097,C-00140,C-00140
H-00098,C-00141,C-00141|C-00142
H-00099,C-00143,C-00143
H-00100,C-00144,C-00144|C-00145
H-00101,C-00146,C-00146
H-00102,C-00147,C-00147|C-00148
H-00103,C-00149,C-00149|C-00150
H-00104,C-00151,C-00151
H-00105,C-00152,C-00152
H-00106,C-00153,C-00153|C-00154
H-00107,C-00155,C-00155|C-00156
H-00108,C-00157,C-00157|C-00158
H-00109,C-00159,C-00159
H-00110,C-00160,C-00160|C-00161|C-00162
H-00111,C-00163,C-00163
H-00112,C-00164,C-00164|C-00165|C-00166
H-00113,C-00167,C-00167
H-00114,C-00168,C-00168|C-00169
H-00115,C-00170,C-00170
H-00116,C-00171,C-00171
H-00117,C-00172,C-00172
H-00118,C-00173,C-00173|C-00174
H-00119,C-00175,C-00175|C-00176|C-00177
H-00120,C-00178,C-00178
H-00121,C-00179,C-00179
H-00122,C-00180,C-00180|C-00181
H-00123,C-00182,C-00182
H-00124,C-00183,C-00183
H-00125,C-00184,C-00184|C-00185
H-00126,C-00186,C-00186|C-00187
H-00127,C-00188,C-00188|C-00189
H-00128,C-00190,C-00190|C-00191
H-00129,C-00192,C-00192
H-00130,C-00193,C-00193
H-00131,C-00194,C-00194|C-00195|C-00196
H-00132,C-00197,C-00197
H-00133,C-00198,C-00198
H-00134,C-00199,C-00199|C-00200
H-00135,C-00201,C-00201|C-00202
H-00136,C-00203,C-00203|C-00204
H-00137,C-00205,C-00205
H-00138,C-00206,C-00206
H-00139,C-00207,C-00207|C-00208|C-00209
H-00140,C-00210,C-00210
H-00141,C-00211,C-00211
H-00142,C-00212,C-00212|C-00213
H-00143,C-00214,C-00214
H-00144,C-00215,C-00215
H-00145,C-00216,C-00216|C-00217
H-00146,C-00218,C-00218
H-00147,C-00219,C-00219|C-00220
H-00148,C-00221,C-00221|C-00222
H-00149,C-00223,C-00223
H-00150,C-00224,C-00224|C-00225
H-00151,C-00226,C-00226
H-00152,C-00227,C-00227
H-00153,C-00228,C-00228
H-00154,C-00229,C-00229|C-00230
H-00155,C-00231,C-00231
H-00156,C-00232,C-00232
H-00157,C-00233,C-00233|C-00234
H-00158,C-00235,C-00235|C-00236
H-00159,C-00237,C-00237|C-00238
H-00160,C-00239,C-00239
H-00161,C-00240,C-00240
H-00162,C-00241,C-00241
H-00163,C-00242,C-00242
H-00164,C-00243,C-00243|C-00244
H-00165,C-00245,C-00245|C-00246
H-00166,C-00247,C-00247
H-00167,C-00248,C-00248|C-00249
H-00168,C-00250,C-00250|C-00251
H-00169,C-00252,C-00252|C-00253
H-00170,C-00254,C-00254|C-00255
H-00171,C-00256,C-00256
H-00172,C-00257,C-00257
H-00173,C-00258,C-00258
H-00174,C-00259,C-00259
H-00175,C-00260,C-00260|C-00261
H-00176,C-00262,C-00262
H-00177,C-00263,C-00263
H-00178,C-00264,C-00264|C-00265
H-00179,C-00266,C-00266|C-00267
H-00180,C-00268,C-00268
H-00181,C-00269,C-00269|C-00270
H-00182,C-00271,C-00271
H-00183,C-00272,C-00272|C-00273|C-00274
H-00184,C-00275,C-00275|C-00276
H-00185,C-00277,C-00277
H-00186,C-00278,C-00278
H-00187,C-00279,C-00279
H-00188,C-00280,C-00280|C-00281
H-00189,C-00282,C-00282
H-00190,C-00283,C-00283|C-00284|C-00285
H-00191,C-00286,C-00286
H-00192,C-00287,C-00287|C-00288
H-00193,C-00289,C-00289|C-00290
H-00194,C-00291,C-00291|C-00292|C-00293
H-00195,C-00294,C-00294|C-00295
H-00196,C-00296,C-00296
H-00197,C-00297,C-00297
H-00198,C-00298,C-00298|C-00299
H-00199,C-00300,C-00300
H-00200,C-00301,C-00301|C-00302
H-00201,C-00303,C-00303
H-00202,C-00304,C-00304
H-00203,C-00305,C-00305
H-00204,C-00306,C-00306
H-00205,C-00307,C-00307
H-00206,C-00308,C-00308
H-00207,C-00309,C-00309
H-00208,C-00310,C-00310
H-00209,C-00311,C-00311
H-00210,C-00312,C-00312
H-00211,C-00313,C-00313
H-00212,C-00314,C-00314
H-00213,C-00315,C-00315
H-00214,C-00316,C-00316|C-00317
H-00215,C-00318,C-00318
H-00216,C-00319,C-00319|C-00320
H-00217,C-00321,C-00321|C-00322|C-00323
H-00218,C-00324,C-00324|C-00325
H-00219,C-00326,C-00326|C-00327
H-00220,C-00328,C-00328
H-00221,C-00329,C-00329
H-00222,C-00330,C-00330
H-00223,C-00331,C-00331
H-00224,C-00332,C-00332
H-00225,C-00333,C-00333|C-00334|C-00335
H-00226,C-00336,C-00336|C-00337
H-00227,C-00338,C-00338|C-00339
H-00228,C-00340,C-00340
H-00229,C-00341,C-00341
H-00230,C-00342,C-00342
H-00231,C-00343,C-00343|C-00344
H-00232,C-00345,C-00345|C-00346
H-00233,C-00347,C-00347|C-00348
H-00234,C-00349,C-00349
H-00235,C-00350,C-00350|C-00351
H-00236,C-00352,C-00352|C-00353|C-00354
H-00237,C-00355,C-00355
H-00238,C-00356,C-00356
H-00239,C-00357,C-00357
H-00240,C-00358,C-00358
H-00241,C-00359,C-00359|C-00360
H-00242,C-00361,C-00361
H-00243,C-00362,C-00362
H-00244,C-00363,C-00363
H-00245,C-00364,C-00364|C-00365|C-00366
H-00246,C-00367,C-00367|C-00368
H-00247,C-00369,C-00369|C-00370
H-00248,C-00371,C-00371
H-00249,C-00372,C-00372|C-00373
H-00250,C-00374,C-00374
H-00251,C-00375,C-00375
H-00252,C-00376,C-00376
H-00253,C-00377,C-00377
H-00254,C-00378,C-00378
H-00255,C-00379,C-00379
H-00256,C-00380,C-00380|C-00381
H-00257,C-00382,C-00382|C-00383
H-00258,C-00384,C-00384|C-00385
H-00259,C-00386,C-00386|C-00387
H-00260,C-00388,C-00388|C-00389
H-00261,C-00390,C-00390|C-00391
H-00262,C-00392,C-00392
H-00263,C-00393,C-00393|C-00394
H-00264,C-00395,C-00395|C-00396
H-00265,C-00397,C-00397
H-00266,C-00398,C-00398
H-00267,C-00399,C-00399|C-00400
H-00268,C-00401,C-00401
H-00269,C-00402,C-00402
H-00270,C-00403,C-00403
H-00271,C-00404,C-00404
H-00272,C-00405,C-00405|C-00406
H-00273,C-00407,C-00407
H-00274,C-00408,C-00408
H-00275,C-00409,C-00409
H-00276,C-00410,C-00410|C-00411
H-00277,C-00412,C-00412
H-00278,C-00413,C-00413
H-00279,C-00414,C-00414|C-00415
H-00280,C-00416,C-00416|C-00417
H-00281,C-00418,C-00418|C-00419
H-00282,C-00420,C-00420|C-00421
H-00283,C-00422,C-00422|C-00423
H-00284,C-00424,C-00424
H-00285,C-00425,C-00425
H-00286,C-00426,C-00426
H-00287,C-00427,C-00427
H-00288,C-00428,C-00428
H-00289,C-00429,C-00429|C-00430
H-00290,C-00431,C-00431
H-00291,C-00432,C-00432
H-00292,C-00433,C-00433|C-00434
H-00293,C-00435,C-00435
H-00294,C-00436,C-00436|C-00437
H-00295,C-00438,C-00438
H-00296,C-00439,C-00439
H-00297,C-00440,C-00440
H-00298,C-00441,C-00441
H-00299,C-00442,C-00442
H-00300,C-00443,C-00443|C-00444
H-00301,C-00445,C-00445|C-00446
H-00302,C-00447,C-00447
H-00303,C-00448,C-00448
H-00304,C-00449,C-00449
H-00305,C-00450,C-00450
H-00306,C-00451,C-00451|C-00452
H-00307,C-00453,C-00453|C-00454|C-00455
H-00308,C-00456,C-00456
H-00309,C-00457,C-00457|C-00458
H-00310,C-00459,C-00459|C-00460
H-00311,C-00461,C-00461|C-00462
H-00312,C-00463,C-00463
H-00313,C-00464,C-00464
H-00314,C-00465,C-00465
H-00315,C-00466,C-00466
H-00316,C-00467,C-00467
H-00317,C-00468,C-00468|C-00469
H-00318,C-00470,C-00470
H-00319,C-00471,C-00471
H-00320,C-00472,C-00472
H-00321,C-00473,C-00473
H-00322,C-00474,C-00474|C-00475|C-00476
H-00323,C-00477,C-00477|C-00478
H-00324,C-00479,C-00479|C-00480
H-00325,C-00481,C-00481|C-00482
H-00326,C-00483,C-00483
H-00327,C-00484,C-00484
H-00328,C-00485,C-00485|C-00486
H-00329,C-00487,C-00487
H-00330,C-00488,C-00488|C-00489
H-00331,C-00490,C-00490
H-00332,C-00491,C-00491
H-00333,C-00492,C-00492
H-00334,C-00493,C-00493
H-00335,C-00494,C-00494
H-00336,C-00495,C-00495|C-00496
H-00337,C-00497,C-00497|C-00498
H-00338,C-00499,C-00499|C-00500
H-00339,C-00501,C-00501|C-00502
H-00340,C-00503,C-00503|C-00504
H-00341,C-00505,C-00505|C-00506
H-00342,C-00507,C-00507
H-00343,C-00508,C-00508|C-00509|C-00510
H-00344,C-00511,C-00511|C-00512
H-00345,C-00513,C-00513
H-00346,C-00514,C-00514
H-00347,C-00515,C-00515
H-00348,C-00516,C-00516|C-00517
H-00349,C-00518,C-00518
H-00350,C-00519,C-00519
H-00351,C-00520,C-00520
H-00352,C-00521,C-00521
H-00353,C-00522,C-00522|C-00523
H-00354,C-00524,C-00524
H-00355,C-00525,C-00525
H-00356,C-00526,C-00526
H-00357,C-00527,C-00527|C-00528
H-00358,C-00529,C-00529|C-00530
H-00359,C-00531,C-00531
H-00360,C-00532,C-00532
H-00361,C-00533,C-00533
H-00362,C-00534,C-00534
H-00363,C-00535,C-00535
H-00364,C-00536,C-00536|C-00537
H-00365,C-00538,C-00538
H-00366,C-00539,C-00539|C-00540
H-00367,C-00541,C-00541
H-00368,C-00542,C-00542
H-00369,C-00543,C-00543
H-00370,C-00544,C-00544|C-00545
H-00371,C-00546,C-00546|C-00547
H-00372,C-00548,C-00548
H-00373,C-00549,C-00549|C-00550
H-00374,C-00551,C-00551|C-00552
H-00375,C-00553,C-00553|C-00554
H-00376,C-00555,C-00555|C-00556
H-00377,C-00557,C-00557
H-00378,C-00558,C-00558
H-00379,C-00559,C-00559
H-00380,C-00560,C-00560|C-00561
H-00381,C-00562,C-00562|C-00563
H-00382,C-00564,C-00564|C-00565
H-00383,C-00566,C-00566
H-00384,C-00567,C-00567
H-00385,C-00568,C-00568
H-00386,C-00569,C-00569|C-00570
H-00387,C-00571,C-00571|C-00572
H-00388,C-00573,C-00573|C-00574
H-00389,C-00575,C-00575
H-00390,C-00576,C-00576|C-00577
H-00391,C-00578,C-00578
H-00392,C-00579,C-00579
H-00393,C-00580,C-00580|C-00581
H-00394,C-00582,C-00582
H-00395,C-00583,C-00583
H-00396,C-00584,C-00584
H-00397,C-00585,C-00585
H-00398,C-00586,C-00586
H-00399,C-00587,C-00587|C-00588
H-00400,C-00589,C-00589
H-00401,C-00590,C-00590|C-00591
H-00402,C-00592,C-00592|C-00593
H-00403,C-00594,C-00594|C-00595|C-00596
H-00404,C-00597,C-00597|C-00598
H-00405,C-00599,C-00599|C-00600
H-00406,C-00601,C-00601
H-00407,C-00602,C-00602|C-00603
H-00408,C-00604,C-00604|C-00605
H-00409,C-00606,C-00606
H-00410,C-00607,C-00607|C-00608
H-00411,C-00609,C-00609|C-00610
H-00412,C-00611,C-00611
H-00413,C-00612,C-00612|C-00613
H-00414,C-00614,C-00614|C-00615
H-00415,C-00616,C-00616
H-00416,C-00617,C-00617
H-00417,C-00618,C-00618|C-00619
H-00418,C-00620,C-00620|C-00621
H-00419,C-00622,C-00622
H-00420,C-00623,C-00623
H-00421,C-00624,C-00624
H-00422,C-00625,C-00625|C-00626
H-00423,C-00627,C-00627|C-00628
H-00424,C-00629,C-00629|C-00630
H-00425,C-00631,C-00631
H-00426,C-00632,C-00632|C-00633
H-00427,C-00634,C-00634
H-00428,C-00635,C-00635|C-00636
H-00429,C-00637,C-00637
H-00430,C-00638,C-00638
H-00431,C-00639,C-00639
H-00432,C-00640,C-00640
H-00433,C-00641,C-00641
H-00434,C-00642,C-00642
H-00435,C-00643,C-00643
H-00436,C-00644,C-00644|C-00645
H-00437,C-00646,C-00646
H-00438,C-00647,C-00647|C-00648
H-00439,C-00649,C-00649
H-00440,C-00650,C-00650|C-00651
H-00441,C-00652,C-00652
H-00442,C-00653,C-00653|C-00654|C-00655
H-00443,C-00656,C-00656
H-00444,C-00657,C-00657
H-00445,C-00658,C-00658
H-00446,C-00659,C-00659
H-00447,C-00660,C-00660|C-00661
H-00448,C-00662,C-00662|C-00663
H-00449,C-00664,C-00664
H-00450,C-00665,C-00665|C-00666
H-00451,C-00667,C-00667|C-00668
H-00452,C-00669,C-00669|C-00670
H-00453,C-00671,C-00671
H-00454,C-00672,C-00672
H-00455,C-00673,C-00673
H-00456,C-00674,C-00674
H-00457,C-00675,C-00675|C-00676
H-00458,C-00677,C-00677
H-00459,C-00678,C-00678|C-00679|C-00680
H-00460,C-00681,C-00681
H-00461,C-00682,C-00682
H-00462,C-00683,C-00683
H-00463,C-00684,C-00684|C-00685
H-00464,C-00686,C-00686|C-00687
H-00465,C-00688,C-00688|C-00689
H-00466,C-00690,C-00690
H-00467,C-00691,C-00691
H-00468,C-00692,C-00692
H-00469,C-00693,C-00693|C-00694
H-00470,C-00695,C-00695|C-00696
H-00471,C-00697,C-00697|C-00698
H-00472,C-00699,C-00699
H-00473,C-00700,C-00700|C-00701
H-00474,C-00702,C-00702|C-00703|C-00704
H-00475,C-00705,C-00705|C-00706
H-00476,C-00707,C-00707|C-00708
H-00477,C-00709,C-00709
H-00478,C-00710,C-00710
H-00479,C-00711,C-00711|C-00712
H-00480,C-00713,C-00713|C-00714
H-00481,C-00715,C-00715
H-00482,C-00716,C-00716
H-00483,C-00717,C-00717
H-00484,C-00718,C-00718
H-00485,C-00719,C-00719|C-00720
H-00486,C-00721,C-00721
H-00487,C-00722,C-00722|C-00723
H-00488,C-00724,C-00724
H-00489,C-00725,C-00725|C-00726
H-00490,C-00727,C-00727|C-00728
H-00491,C-00729,C-00729
H-00492,C-00730,C-00730|C-00731
H-00493,C-00732,C-00732
H-00494,C-00733,C-00733
H-00495,C-00734,C-00734|C-00735
H-00496,C-00736,C-00736|C-00737
H-00497,C-00738,C-00738|C-00739
H-00498,C-00740,C-00740
H-00499,C-00741,C-00741|C-00742
H-00500,C-00743,C-00743|C-00744
H-00501,C-00745,C-00745
H-00502,C-00746,C-00746|C-00747
H-00503,C-00748,C-00748|C-00749
H-00504,C-00750,C-00750
H-00505,C-00751,C-00751
H-00506,C-00752,C-00752|C-00753
H-00507,C-00754,C-00754
H-00508,C-00755,C-00755|C-00756
H-00509,C-00757,C-00757
H-00510,C-00758,C-00758
H-00511,C-00759,C-00759|C-00760
H-00512,C-00761,C-00761|C-00762
H-00513,C-00763,C-00763
H-00514,C-00764,C-00764
H-00515,C-00765,C-00765
H-00516,C-00766,C-00766|C-00767
H-00517,C-00768,C-00768
H-00518,C-00769,C-00769
H-00519,C-00770,C-00770
H-00520,C-00771,C-00771
H-00521,C-00772,C-00772
H-00522,C-00773,C-00773
H-00523,C-00774,C-00774
H-00524,C-00775,C-00775|C-00776
H-00525,C-00777,C-00777|C-00778
H-00526,C-00779,C-00779
H-00527,C-00780,C-00780
H-00528,C-00781,C-00781|C-00782
H-00529,C-00783,C-00783
H-00530,C-00784,C-00784
H-00531,C-00785,C-00785
H-00532,C-00786,C-00786|C-00787|C-00788
H-00533,C-00789,C-00789|C-00790
H-00534,C-00791,C-00791
H-00535,C-00792,C-00792
H-00536,C-00793,C-00793
H-00537,C-00794,C-00794|C-00795
H-00538,C-00796,C-00796
H-00539,C-00797,C-00797
H-00540,C-00798,C-00798|C-00799
H-00541,C-00800,C-00800
H-00542,C-00801,C-00801|C-00802
H-00543,C-00803,C-00803|C-00804
H-00544,C-00805,C-00805
H-00545,C-00806,C-00806
H-00546,C-00807,C-00807|C-00808
H-00547,C-00809,C-00809
H-00548,C-00810,C-00810
H-00549,C-00811,C-00811|C-00812
H-00550,C-00813,C-00813
H-00551,C-00814,C-00814
H-00552,C-00815,C-00815
H-00553,C-00816,C-00816|C-00817
H-00554,C-00818,C-00818
H-00555,C-00819,C-00819
H-00556,C-00820,C-00820
H-00557,C-00821,C-00821|C-00822
H-00558,C-00823,C-00823
H-00559,C-00824,C-00824|C-00825
H-00560,C-00826,C-00826
H-00561,C-00827,C-00827
H-00562,C-00828,C-00828
H-00563,C-00829,C-00829
H-00564,C-00830,C-00830
H-00565,C-00831,C-00831|C-00832
H-00566,C-00833,C-00833|C-00834
H-00567,C-00835,C-00835|C-00836
H-00568,C-00837,C-00837|C-00838
H-00569,C-00839,C-00839
H-00570,C-00840,C-00840
H-00571,C-00841,C-00841
H-00572,C-00842,C-00842|C-00843
H-00573,C-00844,C-00844
H-00574,C-00845,C-00845
H-00575,C-00846,C-00846
H-00576,C-00847,C-00847
H-00577,C-00848,C-00848
H-00578,C-00849,C-00849
H-00579,C-00850,C-00850
H-00580,C-00851,C-00851
H-00581,C-00852,C-00852
H-00582,C-00853,C-00853|C-00854|C-00855
H-00583,C-00856,C-00856|C-00857|C-00858
H-00584,C-00859,C-00859|C-00860
H-00585,C-00861,C-00861
H-00586,C-00862,C-00862
H-00587,C-00863,C-00863
H-00588,C-00864,C-00864
H-00589,C-00865,C-00865|C-00866
H-00590,C-00867,C-00867|C-00868
H-00591,C-00869,C-00869
H-00592,C-00870,C-00870
H-00593,C-00871,C-00871
H-00594,C-00872,C-00872
H-00595,C-00873,C-00873
H-00596,C-00874,C-00874
H-00597,C-00875,C-00875|C-00876
H-00598,C-00877,C-00877|C-00878
H-00599,C-00879,C-00879|C-00880
H-00600,C-00881,C-00881|C-00882
H-00601,C-00883,C-00883
H-00602,C-00884,C-00884
H-00603,C-00885,C-00885
H-00604,C-00886,C-00886
H-00605,C-00887,C-00887
H-00606,C-00888,C-00888
H-00607,C-00889,C-00889|C-00890
H-00608,C-00891,C-00891
H-00609,C-00892,C-00892
H-00610,C-00893,C-00893
H-00611,C-00894,C-00894
H-00612,C-00895,C-00895
H-00613,C-00896,C-00896|C-00897
H-00614,C-00898,C-00898
H-00615,C-00899,C-00899|C-00900
H-00616,C-00901,C-00901
H-00617,C-00902,C-00902|C-00903
H-00618,C-00904,C-00904
H-00619,C-00905,C-00905
H-00620,C-00906,C-00906
H-00621,C-00907,C-00907
H-00622,C-00908,C-00908
H-00623,C-00909,C-00909
H-00624,C-00910,C-00910
H-00625,C-00911,C-00911
H-00626,C-00912,C-00912
H-00627,C-00913,C-00913
H-00628,C-00914,C-00914|C-00915
H-00629,C-00916,C-00916
H-00630,C-00917,C-00917
H-00631,C-00918,C-00918|C-00919
H-00632,C-00920,C-00920
H-00633,C-00921,C-00921
H-00634,C-00922,C-00922
H-00635,C-00923,C-00923
H-00636,C-00924,C-00924
H-00637,C-00925,C-00925
H-00638,C-00926,C-00926
H-00639,C-00927,C-00927
H-00640,C-00928,C-00928
H-00641,C-00929,C-00929
H-00642,C-00930,C-00930|C-00931
H-00643,C-00932,C-00932
H-00644,C-00933,C-00933
H-00645,C-00934,C-00934
H-00646,C-00935,C-00935|C-00936
H-00647,C-00937,C-00937|C-00938
H-00648,C-00939,C-00939
H-00649,C-00940,C-00940|C-00941
H-00650,C-00942,C-00942
H-00651,C-00943,C-00943
H-00652,C-00944,C-00944
H-00653,C-00945,C-00945
H-00654,C-00946,C-00946|C-00947
H-00655,C-00948,C-00948|C-00949
H-00656,C-00950,C-00950|C-00951
H-00657,C-00952,C-00952|C-00953
H-00658,C-00954,C-00954|C-00955
H-00659,C-00956,C-00956|C-00957
H-00660,C-00958,C-00958
H-00661,C-00959,C-00959|C-00960
H-00662,C-00961,C-00961|C-00962
H-00663,C-00963,C-00963|C-00964
H-00664,C-00965,C-00965
H-00665,C-00966,C-00966
H-00666,C-00967,C-00967
H-00667,C-00968,C-00968
H-00668,C-00969,C-00969|C-00970
H-00669,C-00971,C-00971|C-00972
H-00670,C-00973,C-00973|C-00974|C-00975
H-00671,C-00976,C-00976
H-00672,C-00977,C-00977|C-00978
H-00673,C-00979,C-00979|C-00980
H-00674,C-00981,C-00981
H-00675,C-00982,C-00982
H-00676,C-00983,C-00983
H-00677,C-00984,C-00984
H-00678,C-00985,C-00985|C-00986
H-00679,C-00987,C-00987
H-00680,C-00988,C-00988|C-00989|C-00990
H-00681,C-00991,C-00991
H-00682,C-00992,C-00992
H-00683,C-00993,C-00993
H-00684,C-00994,C-00994
H-00685,C-00995,C-00995|C-00996
H-00686,C-00997,C-00997|C-00998
H-00687,C-00999,C-00999|C-01000
H-00688,C-01001,C-01001|C-01002
H-00689,C-01003,C-01003|C-01004
H-00690,C-01005,C-01005
H-00691,C-01006,C-01006|C-01007
H-00692,C-01008,C-01008
H-00693,C-01009,C-01009
H-00694,C-01010,C-01010|C-01011
H-00695,C-01012,C-01012|C-01013
H-00696,C-01014,C-01014
H-00697,C-01015,C-01015|C-01016
H-00698,C-01017,C-01017
H-00699,C-01018,C-01018
H-00700,C-01019,C-01019
H-00701,C-01020,C-01020
H-00702,C-01021,C-01021|C-01022
H-00703,C-01023,C-01023
H-00704,C-01024,C-01024
H-00705,C-01025,C-01025
H-00706,C-01026,C-01026|C-01027
H-00707,C-01028,C-01028
H-00708,C-01029,C-01029|C-01030
H-00709,C-01031,C-01031
H-00710,C-01032,C-01032
H-00711,C-01033,C-01033
H-00712,C-01034,C-01034|C-01035
H-00713,C-01036,C-01036|C-01037
H-00714,C-01038,C-01038
H-00715,C-01039,C-01039|C-01040
H-00716,C-01041,C-01041
H-00717,C-01042,C-01042|C-01043
H-00718,C-01044,C-01044
H-00719,C-01045,C-01045
H-00720,C-01046,C-01046|C-01047
H-00721,C-01048,C-01048
H-00722,C-01049,C-01049
H-00723,C-01050,C-01050
H-00724,C-01051,C-01051
H-00725,C-01052,C-01052|C-01053
H-00726,C-01054,C-01054
H-00727,C-01055,C-01055
H-00728,C-01056,C-01056
H-00729,C-01057,C-01057
H-00730,C-01058,C-01058
H-00731,C-01059,C-01059
H-00732,C-01060,C-01060
H-00733,C-01061,C-01061
H-00734,C-01062,C-01062
H-00735,C-01063,C-01063
H-00736,C-01064,C-01064|C-01065
H-00737,C-01066,C-01066|C-01067
H-00738,C-01068,C-01068
H-00739,C-01069,C-01069
H-00740,C-01070,C-01070
H-00741,C-01071,C-01071|C-01072
H-00742,C-01073,C-01073
H-00743,C-01074,C-01074|C-01075
H-00744,C-01076,C-01076|C-01077
H-00745,C-01078,C-01078
H-00746,C-01079,C-01079
H-00747,C-01080,C-01080
H-00748,C-01081,C-01081
H-00749,C-01082,C-01082
H-00750,C-01083,C-01083
H-00751,C-01084,C-01084
H-00752,C-01085,C-01085|C-01086
H-00753,C-01087,C-01087
H-00754,C-01088,C-01088|C-01089
H-00755,C-01090,C-01090|C-01091
H-00756,C-01092,C-01092
H-00757,C-01093,C-01093|C-01094
H-00758,C-01095,C-01095|C-01096
H-00759,C-01097,C-01097
H-00760,C-01098,C-01098|C-01099
H-00761,C-01100,C-01100
H-00762,C-01101,C-01101
H-00763,C-01102,C-01102|C-01103
H-00764,C-01104,C-01104
H-00765,C-01105,C-01105
H-00766,C-01106,C-01106
H-00767,C-01107,C-01107
H-00768,C-01108,C-01108
H-00769,C-01109,C-01109
H-00770,C-01110,C-01110
H-00771,C-01111,C-01111|C-01112
H-00772,C-01113,C-01113|C-01114
H-00773,C-01115,C-01115|C-01116
H-00774,C-01117,C-01117
H-00775,C-01118,C-01118
H-00776,C-01119,C-01119|C-01120
H-00777,C-01121,C-01121
H-00778,C-01122,C-01122
H-00779,C-01123,C-01123
H-00780,C-01124,C-01124
H-00781,C-01125,C-01125|C-01126
H-00782,C-01127,C-01127
H-00783,C-01128,C-01128|C-01129
H-00784,C-01130,C-01130
H-00785,C-01131,C-01131|C-01132
H-00786,C-01133,C-01133
H-00787,C-01134,C-01134|C-01135
H-00788,C-01136,C-01136
H-00789,C-01137,C-01137|C-01138
H-00790,C-01139,C-01139|C-01140
H-00791,C-01141,C-01141|C-01142
H-00792,C-01143,C-01143
H-00793,C-01144,C-01144
H-00794,C-01145,C-01145|C-01146
H-00795,C-01147,C-01147
H-00796,C-01148,C-01148|C-01149|C-01150
H-00797,C-01151,C-01151
H-00798,C-01152,C-01152
H-00799,C-01153,C-01153|C-01154
H-00800,C-01155,C-01155
H-00801,C-01156,C-01156|C-01157
H-00802,C-01158,C-01158
H-00803,C-01159,C-01159
H-00804,C-01160,C-01160
H-00805,C-01161,C-01161|C-01162
H-00806,C-01163,C-01163
H-00807,C-01164,C-01164
H-00808,C-01165,C-01165
H-00809,C-01166,C-01166
H-00810,C-01167,C-01167|C-01168
H-00811,C-01169,C-01169
H-00812,C-01170,C-01170
H-00813,C-01171,C-01171
H-00814,C-01172,C-01172|C-01173
H-00815,C-01174,C-01174|C-01175
H-00816,C-01176,C-01176
H-00817,C-01177,C-01177|C-01178
H-00818,C-01179,C-01179|C-01180
H-00819,C-01181,C-01181|C-01182
H-00820,C-01183,C-01183
H-00821,C-01184,C-01184
H-00822,C-01185,C-01185
H-00823,C-01186,C-01186
H-00824,C-01187,C-01187|C-01188
H-00825,C-01189,C-01189
H-00826,C-01190,C-01190
H-00827,C-01191,C-01191|C-01192
H-00828,C-01193,C-01193|C-01194
H-00829,C-01195,C-01195|C-01196|C-01197
H-00830,C-01198,C-01198|C-01199
H-00831,C-01200,C-01200|C-01201
H-00832,C-01202,C-01202|C-01203
H-00833,C-01204,C-01204|C-01205
H-00834,C-01206,C-01206|C-01207
H-00835,C-01208,C-01208
H-00836,C-01209,C-01209|C-01210
H-00837,C-01211,C-01211|C-01212
H-00838,C-01213,C-01213|C-01214
H-00839,C-01215,C-01215
H-00840,C-01216,C-01216
H-00841,C-01217,C-01217
H-00842,C-01218,C-01218
H-00843,C-01219,C-01219|C-01220|C-01221
H-00844,C-01222,C-01222
H-00845,C-01223,C-01223|C-01224
H-00846,C-01225,C-01225|C-01226
H-00847,C-01227,C-01227|C-01228|C-01229
H-00848,C-01230,C-01230
H-00849,C-01231,C-01231
H-00850,C-01232,C-01232
H-00851,C-01233,C-01233
H-00852,C-01234,C-01234|C-01235
H-00853,C-01236,C-01236
H-00854,C-01237,C-01237|C-01238
H-00855,C-01239,C-01239
H-00856,C-01240,C-01240|C-01241
H-00857,C-01242,C-01242
H-00858,C-01243,C-01243
H-00859,C-01244,C-01244|C-01245
H-00860,C-01246,C-01246|C-01247
H-00861,C-01248,C-01248|C-01249
H-00862,C-01250,C-01250
H-00863,C-01251,C-01251|C-01252
H-00864,C-01253,C-01253|C-01254
H-00865,C-01255,C-01255
H-00866,C-01256,C-01256|C-01257
H-00867,C-01258,C-01258
H-00868,C-01259,C-01259
H-00869,C-01260,C-01260|C-01261
H-00870,C-01262,C-01262
H-00871,C-01263,C-01263|C-01264
H-00872,C-01265,C-01265|C-01266
H-00873,C-01267,C-01267|C-01268
H-00874,C-01269,C-01269
H-00875,C-01270,C-01270|C-01271
H-00876,C-01272,C-01272|C-01273
H-00877,C-01274,C-01274|C-01275
H-00878,C-01276,C-01276
H-00879,C-01277,C-01277|C-01278
H-00880,C-01279,C-01279|C-01280
H-00881,C-01281,C-01281
H-00882,C-01282,C-01282
H-00883,C-01283,C-01283
H-00884,C-01284,C-01284|C-01285
H-00885,C-01286,C-01286
H-00886,C-01287,C-01287
H-00887,C-01288,C-01288|C-01289
H-00888,C-01290,C-01290
H-00889,C-01291,C-01291|C-01292
H-00890,C-01293,C-01293
H-00891,C-01294,C-01294|C-01295
H-00892,C-01296,C-01296|C-01297
H-00893,C-01298,C-01298
H-00894,C-01299,C-01299
H-00895,C-01300,C-01300
H-00896,C-01301,C-01301
H-00897,C-01302,C-01302|C-01303
H-00898,C-01304,C-01304
H-00899,C-01305,C-01305
H-00900,C-01306,C-01306
H-00901,C-01307,C-01307
H-00902,C-01308,C-01308
H-00903,C-01309,C-01309|C-01310
H-00904,C-01311,C-01311
H-00905,C-01312,C-01312|C-01313
H-00906,C-01314,C-01314
H-00907,C-01315,C-01315
H-00908,C-01316,C-01316|C-01317
H-00909,C-01318,C-01318|C-01319
H-00910,C-01320,C-01320
H-00911,C-01321,C-01321
H-00912,C-01322,C-01322
H-00913,C-01323,C-01323|C-01324
H-00914,C-01325,C-01325|C-01326
H-00915,C-01327,C-01327|C-01328
H-00916,C-01329,C-01329
H-00917,C-01330,C-01330|C-01331
H-00918,C-01332,C-01332
H-00919,C-01333,C-01333|C-01334
H-00920,C-01335,C-01335
H-00921,C-01336,C-01336
H-00922,C-01337,C-01337|C-01338
H-00923,C-01339,C-01339
H-00924,C-01340,C-01340|C-01341
H-00925,C-01342,C-01342
H-00926,C-01343,C-01343
H-00927,C-01344,C-01344
H-00928,C-01345,C-01345
H-00929,C-01346,C-01346|C-01347
H-00930,C-01348,C-01348
H-00931,C-01349,C-01349
H-00932,C-01350,C-01350|C-01351
H-00933,C-01352,C-01352
H-00934,C-01353,C-01353
H-00935,C-01354,C-01354
H-00936,C-01355,C-01355
H-00937,C-01356,C-01356|C-01357
H-00938,C-01358,C-01358
H-00939,C-01359,C-01359
H-00940,C-01360,C-01360|C-01361
H-00941,C-01362,C-01362
H-00942,C-01363,C-01363
H-00943,C-01364,C-01364|C-01365|C-01366
H-00944,C-01367,C-01367
H-00945,C-01368,C-01368
H-00946,C-01369,C-01369
H-00947,C-01370,C-01370|C-01371
H-00948,C-01372,C-01372
H-00949,C-01373,C-01373|C-01374
H-00950,C-01375,C-01375
H-00951,C-01376,C-01376|C-01377
H-00952,C-01378,C-01378
H-00953,C-01379,C-01379|C-01380
H-00954,C-01381,C-01381
H-00955,C-01382,C-01382|C-01383|C-01384
H-00956,C-01385,C-01385
H-00957,C-01386,C-01386
H-00958,C-01387,C-01387|C-01388
H-00959,C-01389,C-01389|C-01390
H-00960,C-01391,C-01391|C-01392
H-00961,C-01393,C-01393|C-01394
H-00962,C-01395,C-01395
H-00963,C-01396,C-01396|C-01397
H-00964,C-01398,C-01398|C-01399
H-00965,C-01400,C-01400|C-01401
H-00966,C-01402,C-01402|C-01403
H-00967,C-01404,C-01404|C-01405
H-00968,C-01406,C-01406
H-00969,C-01407,C-01407|C-01408
H-00970,C-01409,C-01409
H-00971,C-01410,C-01410
H-00972,C-01411,C-01411
H-00973,C-01412,C-01412
H-00974,C-01413,C-01413
H-00975,C-01414,C-01414
H-00976,C-01415,C-01415
H-00977,C-01416,C-01416
H-00978,C-01417,C-01417
H-00979,C-01418,C-01418
H-00980,C-01419,C-01419
H-00981,C-01420,C-01420
H-00982,C-01421,C-01421
H-00983,C-01422,C-01422|C-01423|C-01424
H-00984,C-01425,C-01425|C-01426
H-00985,C-01427,C-01427
H-00986,C-01428,C-01428
H-00987,C-01429,C-01429
H-00988,C-01430,C-01430|C-01431
H-00989,C-01432,C-01432
H-00990,C-01433,C-01433
H-00991,C-01434,C-01434|C-01435
H-00992,C-01436,C-01436|C-01437
H-00993,C-01438,C-01438
H-00994,C-01439,C-01439|C-01440
H-00995,C-01441,C-01441|C-01442
H-00996,C-01443,C-01443|C-01444
H-00997,C-01445,C-01445|C-01446
H-00998,C-01447,C-01447
H-00999,C-01448,C-01448|C-01449
H-01000,C-01450,C-01450
H-01001,C-01451,C-01451
H-01002,C-01452,C-01452|C-01453
H-01003,C-01454,C-01454
H-01004,C-01455,C-01455
H-01005,C-01456,C-01456
H-01006,C-01457,C-01457|C-01458
H-01007,C-01459,C-01459|C-01460
H-01008,C-01461,C-01461|C-01462
H-01009,C-01463,C-01463
H-01010,C-01464,C-01464
H-01011,C-01465,C-01465|C-01466
H-01012,C-01467,C-01467
H-01013,C-01468,C-01468
H-01014,C-01469,C-01469
H-01015,C-01470,C-01470|C-01471|C-01472
H-01016,C-01473,C-01473
H-01017,C-01474,C-01474
H-01018,C-01475,C-01475|C-01476
H-01019,C-01477,C-01477
H-01020,C-01478,C-01478
H-01021,C-01479,C-01479
H-01022,C-01480,C-01480
H-01023,C-01481,C-01481
H-01024,C-01482,C-01482
H-01025,C-01483,C-01483
H-01026,C-01484,C-01484
H-01027,C-01485,C-01485|C-01486
H-01028,C-01487,C-01487|C-01488
H-01029,C-01489,C-01489
H-01030,C-01490,C-01490|C-01491
H-01031,C-01492,C-01492|C-01493
H-01032,C-01494,C-01494|C-01495
H-01033,C-01496,C-01496|C-01497
H-01034,C-01498,C-01498|C-01499
H-01035,C-01500,C-01500
H-01036,C-01501,C-01501
H-01037,C-01502,C-01502
H-01038,C-01503,C-01503|C-01504
H-01039,C-01505,C-01505
H-01040,C-01506,C-01506
H-01041,C-01507,C-01507
H-01042,C-01508,C-01508
H-01043,C-01509,C-01509|C-01510|C-01511
H-01044,C-01512,C-01512
H-01045,C-01513,C-01513
H-01046,C-01514,C-01514
H-01047,C-01515,C-01515
H-01048,C-01516,C-01516
H-01049,C-01517,C-01517|C-01518
H-01050,C-01519,C-01519|C-01520
H-01051,C-01521,C-01521|C-01522
H-01052,C-01523,C-01523|C-01524
H-01053,C-01525,C-01525
H-01054,C-01526,C-01526
H-01055,C-01527,C-01527|C-01528
H-01056,C-01529,C-01529|C-01530
H-01057,C-01531,C-01531
H-01058,C-01532,C-01532|C-01533
H-01059,C-01534,C-01534|C-01535
H-01060,C-01536,C-01536|C-01537
H-01061,C-01538,C-01538|C-01539
H-01062,C-01540,C-01540
H-01063,C-01541,C-01541|C-01542
H-01064,C-01543,C-01543
H-01065,C-01544,C-01544
H-01066,C-01545,C-01545
H-01067,C-01546,C-01546
H-01068,C-01547,C-01547|C-01548
H-01069,C-01549,C-01549
H-01070,C-01550,C-01550|C-01551
H-01071,C-01552,C-01552
H-01072,C-01553,C-01553
H-01073,C-01554,C-01554
H-01074,C-01555,C-01555|C-01556
H-01075,C-01557,C-01557
H-01076,C-01558,C-01558
H-01077,C-01559,C-01559
H-01078,C-01560,C-01560
H-01079,C-01561,C-01561
H-01080,C-01562,C-01562
H-01081,C-01563,C-01563
H-01082,C-01564,C-01564
H-01083,C-01565,C-01565
H-01084,C-01566,C-01566|C-01567
H-01085,C-01568,C-01568
H-01086,C-01569,C-01569
H-01087,C-01570,C-01570|C-01571
H-01088,C-01572,C-01572|C-01573
H-01089,C-01574,C-01574
H-01090,C-01575,C-01575
H-01091,C-01576,C-01576
H-01092,C-01577,C-01577
H-01093,C-01578,C-01578
H-01094,C-01579,C-01579
H-01095,C-01580,C-01580|C-01581
H-01096,C-01582,C-01582
H-01097,C-01583,C-01583
H-01098,C-01584,C-01584
H-01099,C-01585,C-01585
H-01100,C-01586,C-01586
H-01101,C-01587,C-01587|C-01588
H-01102,C-01589,C-01589
H-01103,C-01590,C-01590|C-01591
H-01104,C-01592,C-01592|C-01593
H-01105,C-01594,C-01594
H-01106,C-01595,C-01595
H-01107,C-01596,C-01596
H-01108,C-01597,C-01597
H-01109,C-01598,C-01598
H-01110,C-01599,C-01599|C-01600
H-01111,C-01601,C-01601
H-01112,C-01602,C-01602
H-01113,C-01603,C-01603
H-01114,C-01604,C-01604|C-01605|C-01606
H-01115,C-01607,C-01607|C-01608
H-01116,C-01609,C-01609|C-01610
H-01117,C-01611,C-01611|C-01612
H-01118,C-01613,C-01613|C-01614
H-01119,C-01615,C-01615|C-01616
H-01120,C-01617,C-01617
H-01121,C-01618,C-01618
H-01122,C-01619,C-01619|C-01620
H-01123,C-01621,C-01621
H-01124,C-01622,C-01622|C-01623
H-01125,C-01624,C-01624|C-01625
H-01126,C-01626,C-01626|C-01627
H-01127,C-01628,C-01628
H-01128,C-01629,C-01629|C-01630
H-01129,C-01631,C-01631
H-01130,C-01632,C-01632
H-01131,C-01633,C-01633|C-01634
H-01132,C-01635,C-01635
H-01133,C-01636,C-01636
H-01134,C-01637,C-01637|C-01638|C-01639
H-01135,C-01640,C-01640
H-01136,C-01641,C-01641
H-01137,C-01642,C-01642
H-01138,C-01643,C-01643
H-01139,C-01644,C-01644
H-01140,C-01645,C-01645
H-01141,C-01646,C-01646
H-01142,C-01647,C-01647
H-01143,C-01648,C-01648
H-01144,C-01649,C-01649|C-01650
H-01145,C-01651,C-01651
H-01146,C-01652,C-01652
H-01147,C-01653,C-01653|C-01654
H-01148,C-01655,C-01655
H-01149,C-01656,C-01656|C-01657
H-01150,C-01658,C-01658
H-01151,C-01659,C-01659
H-01152,C-01660,C-01660
H-01153,C-01661,C-01661
H-01154,C-01662,C-01662|C-01663
H-01155,C-01664,C-01664|C-01665
H-01156,C-01666,C-01666
H-01157,C-01667,C-01667|C-01668
H-01158,C-01669,C-01669
H-01159,C-01670,C-01670
H-01160,C-01671,C-01671
H-01161,C-01672,C-01672|C-01673
H-01162,C-01674,C-01674|C-01675
H-01163,C-01676,C-01676
H-01164,C-01677,C-01677
H-01165,C-01678,C-01678
H-01166,C-01679,C-01679
H-01167,C-01680,C-01680
H-01168,C-01681,C-01681
H-01169,C-01682,C-01682|C-01683
H-01170,C-01684,C-01684|C-01685
H-01171,C-01686,C-01686
H-01172,C-01687,C-01687
H-01173,C-01688,C-01688
H-01174,C-01689,C-01689
H-01175,C-01690,C-01690
H-01176,C-01691,C-01691|C-01692
H-01177,C-01693,C-01693
H-01178,C-01694,C-01694
H-01179,C-01695,C-01695
H-01180,C-01696,C-01696|C-01697
H-01181,C-01698,C-01698
H-01182,C-01699,C-01699
H-01183,C-01700,C-01700|C-01701
H-01184,C-01702,C-01702
H-01185,C-01703,C-01703|C-01704
H-01186,C-01705,C-01705
H-01187,C-01706,C-01706
H-01188,C-01707,C-01707
H-01189,C-01708,C-01708|C-01709
H-01190,C-01710,C-01710|C-01711
H-01191,C-01712,C-01712
H-01192,C-01713,C-01713|C-01714
H-01193,C-01715,C-01715|C-01716|C-01717
H-01194,C-01718,C-01718
H-01195,C-01719,C-01719
H-01196,C-01720,C-01720
H-01197,C-01721,C-01721
H-01198,C-01722,C-01722
H-01199,C-01723,C-01723
H-01200,C-01724,C-01724|C-01725
H-01201,C-01726,C-01726
H-01202,C-01727,C-01727
H-01203,C-01728,C-01728|C-01729
H-01204,C-01730,C-01730|C-01731
H-01205,C-01732,C-01732
H-01206,C-01733,C-01733
H-01207,C-01734,C-01734
H-01208,C-01735,C-01735|C-01736
H-01209,C-01737,C-01737|C-01738
H-01210,C-01739,C-01739
H-01211,C-01740,C-01740
H-01212,C-01741,C-01741
H-01213,C-01742,C-01742
H-01214,C-01743,C-01743
H-01215,C-01744,C-01744
H-01216,C-01745,C-01745|C-01746
H-01217,C-01747,C-01747|C-01748
H-01218,C-01749,C-01749
H-01219,C-01750,C-01750
H-01220,C-01751,C-01751
H-01221,C-01752,C-01752|C-01753
H-01222,C-01754,C-01754|C-01755
H-01223,C-01756,C-01756
H-01224,C-01757,C-01757
H-01225,C-01758,C-01758
H-01226,C-01759,C-01759|C-01760
H-01227,C-01761,C-01761|C-01762
H-01228,C-01763,C-01763|C-01764
H-01229,C-01765,C-01765|C-01766
H-01230,C-01767,C-01767
H-01231,C-01768,C-01768|C-01769
H-01232,C-01770,C-01770|C-01771
H-01233,C-01772,C-01772
H-01234,C-01773,C-01773|C-01774
H-01235,C-01775,C-01775
H-01236,C-01776,C-01776|C-01777
H-01237,C-01778,C-01778
H-01238,C-01779,C-01779
H-01239,C-01780,C-01780
H-01240,C-01781,C-01781|C-01782
H-01241,C-01783,C-01783
H-01242,C-01784,C-01784
H-01243,C-01785,C-01785
H-01244,C-01786,C-01786
H-01245,C-01787,C-01787|C-01788
H-01246,C-01789,C-01789
H-01247,C-01790,C-01790
H-01248,C-01791,C-01791|C-01792
H-01249,C-01793,C-01793
H-01250,C-01794,C-01794
H-01251,C-01795,C-01795
H-01252,C-01796,C-01796
H-01253,C-01797,C-01797|C-01798
H-01254,C-01799,C-01799|C-01800
H-01255,C-01801,C-01801|C-01802
H-01256,C-01803,C-01803
H-01257,C-01804,C-01804
H-01258,C-01805,C-01805
H-01259,C-01806,C-01806|C-01807
H-01260,C-01808,C-01808
H-01261,C-01809,C-01809
H-01262,C-01810,C-01810
H-01263,C-01811,C-01811
H-01264,C-01812,C-01812
H-01265,C-01813,C-01813|C-01814
H-01266,C-01815,C-01815
H-01267,C-01816,C-01816
H-01268,C-01817,C-01817
H-01269,C-01818,C-01818|C-01819
H-01270,C-01820,C-01820|C-01821
H-01271,C-01822,C-01822
H-01272,C-01823,C-01823|C-01824
H-01273,C-01825,C-01825|C-01826
H-01274,C-01827,C-01827|C-01828
H-01275,C-01829,C-01829|C-01830
H-01276,C-01831,C-01831
H-01277,C-01832,C-01832
H-01278,C-01833,C-01833
H-01279,C-01834,C-01834|C-01835
H-01280,C-01836,C-01836|C-01837
H-01281,C-01838,C-01838
H-01282,C-01839,C-01839
H-01283,C-01840,C-01840|C-01841
H-01284,C-01842,C-01842
H-01285,C-01843,C-01843|C-01844
H-01286,C-01845,C-01845
H-01287,C-01846,C-01846
H-01288,C-01847,C-01847
H-01289,C-01848,C-01848
H-01290,C-01849,C-01849
H-01291,C-01850,C-01850
H-01292,C-01851,C-01851
H-01293,C-01852,C-01852|C-01853
H-01294,C-01854,C-01854|C-01855
H-01295,C-01856,C-01856|C-01857
H-01296,C-01858,C-01858
H-01297,C-01859,C-01859
H-01298,C-01860,C-01860
H-01299,C-01861,C-01861|C-01862
H-01300,C-01863,C-01863
H-01301,C-01864,C-01864|C-01865
H-01302,C-01866,C-01866|C-01867
H-01303,C-01868,C-01868
H-01304,C-01869,C-01869|C-01870
H-01305,C-01871,C-01871
H-01306,C-01872,C-01872|C-01873
H-01307,C-01874,C-01874|C-01875
H-01308,C-01876,C-01876
H-01309,C-01877,C-01877
H-01310,C-01878,C-01878|C-01879
H-01311,C-01880,C-01880|C-01881
H-01312,C-01882,C-01882
H-01313,C-01883,C-01883
H-01314,C-01884,C-01884
H-01315,C-01885,C-01885|C-01886
H-01316,C-01887,C-01887
H-01317,C-01888,C-01888
H-01318,C-01889,C-01889
H-01319,C-01890,C-01890
H-01320,C-01891,C-01891
H-01321,C-01892,C-01892
H-01322,C-01893,C-01893
H-01323,C-01894,C-01894|C-01895
H-01324,C-01896,C-01896
H-01325,C-01897,C-01897
H-01326,C-01898,C-01898
H-01327,C-01899,C-01899
H-01328,C-01900,C-01900
H-01329,C-01901,C-01901
H-01330,C-01902,C-01902
H-01331,C-01903,C-01903
H-01332,C-01904,C-01904|C-01905
H-01333,C-01906,C-01906|C-01907
H-01334,C-01908,C-01908
H-01335,C-01909,C-01909|C-01910
H-01336,C-01911,C-01911
H-01337,C-01912,C-01912
H-01338,C-01913,C-01913
H-01339,C-01914,C-01914
H-01340,C-01915,C-01915
H-01341,C-01916,C-01916
H-01342,C-01917,C-01917
H-01343,C-01918,C-01918
H-01344,C-01919,C-01919|C-01920
H-01345,C-01921,C-01921|C-01922
H-01346,C-01923,C-01923|C-01924
H-01347,C-01925,C-01925|C-01926
H-01348,C-01927,C-01927|C-01928
H-01349,C-01929,C-01929
H-01350,C-01930,C-01930
H-01351,C-01931,C-01931|C-01932
H-01352,C-01933,C-01933
H-01353,C-01934,C-01934|C-01935
H-01354,C-01936,C-01936
H-01355,C-01937,C-01937
H-01356,C-01938,C-01938
H-01357,C-01939,C-01939
H-01358,C-01940,C-01940|C-01941
H-01359,C-01942,C-01942
H-01360,C-01943,C-01943
H-01361,C-01944,C-01944|C-01945
H-01362,C-01946,C-01946
H-01363,C-01947,C-01947|C-01948
H-01364,C-01949,C-01949
H-01365,C-01950,C-01950|C-01951
H-01366,C-01952,C-01952|C-01953
H-01367,C-01954,C-01954|C-01955
H-01368,C-01956,C-01956|C-01957
H-01369,C-01958,C-01958
H-01370,C-01959,C-01959
H-01371,C-01960,C-01960
H-01372,C-01961,C-01961|C-01962
H-01373,C-01963,C-01963
H-01374,C-01964,C-01964|C-01965
H-01375,C-01966,C-01966|C-01967
H-01376,C-01968,C-01968|C-01969
H-01377,C-01970,C-01970
H-01378,C-01971,C-01971
H-01379,C-01972,C-01972
H-01380,C-01973,C-01973
H-01381,C-01974,C-01974|C-01975
H-01382,C-01976,C-01976|C-01977
H-01383,C-01978,C-01978|C-01979
H-01384,C-01980,C-01980|C-01981
H-01385,C-01982,C-01982
H-01386,C-01983,C-01983
H-01387,C-01984,C-01984
H-01388,C-01985,C-01985
H-01389,C-01986,C-01986
H-01390,C-01987,C-01987
H-01391,C-01988,C-01988|C-01989
H-01392,C-01990,C-01990
H-01393,C-01991,C-01991|C-01992
H-01394,C-01993,C-01993
H-01395,C-01994,C-01994
H-01396,C-01995,C-01995
H-01397,C-01996,C-01996
H-01398,C-01997,C-01997
H-01399,C-01998,C-01998|C-01999
H-01400,C-02000,C-02000
