nickname,canonical
Abby,Abigail
Gail,Abigail
Al,Albert
Bert,Albert
Bertie,Albert
Al,Alexander
Alex,Alexander
Sandy,Alexander
Xander,Alexander
Alex,Alexandra
Lexi,Alexandra
Sandy,Alexandra
Al,Alfred
Alf,Alfred
Fred,Alfred
Allie,Allison
Ally,Allison
Andy,Andrew
Drew,Andrew
Angie,Angela
Tony,Anthony
Art,Arthur
Artie,Arthur
Babs,Barbara
Barb,Barbara
Barbie,Barbara
Ben,Benjamin
Benji,Benjamin
Benny,Benjamin
Bev,Beverly
Brad,Bradley
Cat,Catherine
Cathy,Catherine
Kate,Catherine
Katie,Catherine
Charlie,Charles
Chas,Charles
Chaz,Charles
Chuck,Charles
Charlie,Charlotte
Lottie,Charlotte
Chris,Christina
Chrissy,Christina
Tina,Christina
Chris,Christine
Chrissy,Christine
Tina,Christine
Chris,Christopher
Kit,Christopher
Topher,Christopher
Cliff,Clifford
Cindy,Cynthia
Dan,Daniel
Danny,Daniel
Dave,David
Davy,David
Deb,Deborah
Debbie,Deborah
Debby,Deborah
Dee,Dolores
Lola,Dolores
Don,Donald
Donny,Donald
Dora,Dorothy
Dot,Dorothy
Dottie,Dorothy
Doug,Douglas
Ed,Edward
Eddie,Edward
Ned,Edward
Ted,Edward
Elle,Eleanor
Ellie,Eleanor
Nora,Eleanor
Beth,Elizabeth
Betsy,Elizabeth
Betty,Elizabeth
Eliza,Elizabeth
Libby,Elizabeth
Liz,Elizabeth
Lizzie,Elizabeth
Ernie,Ernest
Gene,Eugene
Fran,Frances
Frannie,Frances
Frank,Francis
Fred,Frederick
Freddie,Frederick
Gerry,Gerald
Jerry,Gerald
Trudy,Gertrude
Gil,Gilbert
Greg,Gregory
Hal,Harold
Harry,Harold
Hank,Henry
Harry,Henry
Herb,Herbert
Jackie,Jacqueline
Jamie,James
Jim,James
Jimmy,James
Jan,Janet
Jeff,Jeffrey
Jen,Jennifer
Jenn,Jennifer
Jenny,Jennifer
Jess,Jessica
Jessie,Jessica
Jack,John
Johnny,John
Jon,Jonathan
Joe,Joseph
Joey,Joseph
Jo,Josephine
Josie,Josephine
Josh,Joshua
Judy,Judith
Kat,Katherine
Kate,Katherine
Kathy,Katherine
Katie,Katherine
Kay,Katherine
Kate,Kathleen
Kathy,Kathleen
Ken,Kenneth
Kenny,Kenneth
Kim,Kimberly
Larry,Lawrence
Len,Leonard
Lenny,Leonard
Leo,Leonard
Lou,Louis
Maggie,Margaret
Marge,Margaret
Margie,Margaret
Meg,Margaret
Peg,Margaret
Peggy,Margaret
Marty,Martha
Mattie,Martha
Matt,Matthew
Mick,Michael
Mike,Michael
Mikey,Michael
Mitch,Mitchell
Nan,Nancy
Nat,Nathaniel
Nate,Nathaniel
Nick,Nicholas
Nicky,Nicholas
Pam,Pamela
Pat,Patricia
Patty,Patricia
Tricia,Patricia
Trish,Patricia
Paddy,Patrick
Pat,Patrick
Pete,Peter
Phil,Philip
Ray,Raymond
Becca,Rebecca
Becky,Rebecca
Dick,Richard
Rich,Richard
Rick,Richard
Ricky,Richard
Bert,Robert
Bob,Robert
Bobby,Robert
Rob,Robert
Robbie,Robert
Ron,Ronald
Ronnie,Ronald
Rose,Rosemary
Rosie,Rosemary
Russ,Russell
Sam,Samantha
Sammy,Samantha
Sam,Samuel
Sammy,Samuel
Sandy,Sandra
Stan,Stanley
Steve,Stephen
Steve,Steven
Sue,Susan
Susie,Susan
Suzy,Susan
Terry,Terrence
Ted,Theodore
Teddy,Theodore
Theo,Theodore
Terry,Theresa
Tess,Theresa
Tessa,Theresa
Tom,Thomas
Tommy,Thomas
Tim,Timothy
Timmy,Timothy
Val,Valerie
Tori,Victoria
Vicky,Victoria
Vince,Vincent
Vinny,Vincent
Ginny,Virginia
Wally,Walter
Walt,Walter
Bill,William
Billy,William
Liam,William
Will,William
Willie,William
Zach,Zachary
